{
  "device": "cuda",
  "tracknet_model": "ckpts/ball_tracking/TrackNet_best.pt",
  "batch_sizes": {
    "1": {
      "avg_time_ms": 13.114850521087646,
      "median_time_ms": 12.859106063842773,
      "min_time_ms": 11.901140213012695,
      "max_time_ms": 18.97597312927246,
      "std_time_ms": 0.99420767004556,
      "fps": 609.9955151708843,
      "frames_per_batch": 8
    },
    "4": {
      "avg_time_ms": 59.34147357940674,
      "median_time_ms": 59.52727794647217,
      "min_time_ms": 57.33489990234375,
      "max_time_ms": 61.33246421813965,
      "std_time_ms": 0.771247927062209,
      "fps": 539.2518599522098,
      "frames_per_batch": 32
    },
    "8": {
      "avg_time_ms": 105.05863189697266,
      "median_time_ms": 104.77805137634277,
      "min_time_ms": 102.47039794921875,
      "max_time_ms": 108.06846618652344,
      "std_time_ms": 1.4412794687895663,
      "fps": 609.1836419758689,
      "frames_per_batch": 64
    },
    "16": {
      "avg_time_ms": 193.93652439117432,
      "median_time_ms": 193.99654865264893,
      "min_time_ms": 190.6881332397461,
      "max_time_ms": 197.01051712036133,
      "std_time_ms": 1.4353478668107684,
      "fps": 660.0097655757775,
      "frames_per_batch": 128
    }
  },
  "end_to_end": {
    "tracknet": {
      "avg_ms": 12.536828517913818,
      "median_ms": 12.39633560180664,
      "min_ms": 12.147188186645508,
      "max_ms": 13.610124588012695
    },
    "total": {
      "avg_ms": 13.78150224685669,
      "median_ms": 13.632416725158691,
      "min_ms": 13.382434844970703,
      "max_ms": 15.13814926147461
    },
    "inpaintnet": {
      "avg_ms": 1.1859416961669922,
      "median_ms": 1.179337501525879,
      "min_ms": 1.1646747589111328,
      "max_ms": 1.5785694122314453
    }
  }
}